{
  "baseline_memory": 25.21875,
  "basic_imports": 0.0,
  "eventbus_import": 0.03385734558105469,
  "post_core_memory": 28.34765625,
  "eventbus_init": 0.0,
  "core_service_import": 0.0,
  "post_service_memory": 28.3515625,
  "total_startup": 0.03385734558105469,
  "eventbus_full_init": 0.0,
  "core_service_init": 0.38355374336242676,
  "core_service_start": 0.025005102157592773,
  "full_initialization_memory": 73.91796875,
  "total_full_init": 0.40855884552001953
}